BABU RAJU RAM FUEL STATION,,,,,,,,
DAILY SHIFTWISE ATTENDANCE REPORT - 14-Sep-2026,,,,,,,,
,,,,,,,,
Sl. No.,Employee ID,Employee Name,Designation,Assigned Shift,Punch In,Punch Out,Total Hours,Status
1,1,Admin,System Administrator,General Shift (09:00 - 18:00),--:--,--:--,0 hrs,Absent
2,SBRRFS0012,Sudhakar V,Station In-Charge,General Shift (09:00 - 18:00),--:--,--:--,0 hrs,Absent
3,3,Lavanya N,Accountant,General Shift (09:30 - 17:30),--:--,--:--,0 hrs,Absent
4,4,Chandan SR,Supervisor,1st Shift (06:00 - 14:00),06:06,19:49,13.71 hrs,Present
5,6,Ananda,Cashier,2nd Shift (14:00 - 20:00),20:16,--:--,0 hrs,Present
6,7,Rajanna G M,Office Admin,General Shift (09:00 - 18:00),14:05,--:--,0 hrs,Present
7,9,Goramma,Housekeeper,Day Shift (07:00 - 16:00),09:17,17:46,8.47 hrs,Present
8,10,Santhosh M,Cashier,1st Shift (06:00 - 14:00),--:--,--:--,0 hrs,Absent
9,11,Ambarish,Cashier,1st Shift (06:00 - 14:00),--:--,--:--,0 hrs,Absent
10,12,Kiran J,Cashier,3rd Shift (20:00 - 06:00),--:--,--:--,0 hrs,Absent
11,13,Gayathri,Housekeeper,Day Shift (07:00 - 16:00),08:45,15:52,7.12 hrs,Present
12,14,Basgeet,Air Boy,12H Day Shift (06:00 - 18:00),09:05,17:54,8.81 hrs,Present
13,15,Nagaraj k G,Manager,General Shift (09:00 - 18:00),--:--,--:--,0 hrs,Absent
14,16,Nikhil Kumar S,Cashier,2nd Shift (14:00 - 20:00),--:--,--:--,0 hrs,Absent
15,17,Sridhar S,Cashier,2nd Shift (14:00 - 20:00),06:19,14:21,8.03 hrs,Present
16,18,Sandeepa K,Cashier,2nd Shift (14:00 - 20:00),19:48,--:--,0 hrs,Present
17,19,Abhishek,Manager,General Shift (09:00 - 18:00),--:--,--:--,0 hrs,Absent
18,20,Ganagaraju P,Cashier,2nd Shift (14:00 - 20:00),06:11,14:21,8.18 hrs,Present
19,22,Muthyalappa,Cashier,2nd Shift (14:00 - 20:00),14:24,20:12,5.8 hrs,Present
20,24,Sanjeeth,Cashier,2nd Shift (14:00 - 20:00),15:17,20:35,5.3 hrs,Present
21,25,Narasimha Murthy,Cashier,1st Shift (06:00 - 14:00),--:--,--:--,0 hrs,Absent
22,26,Sandeep M,Cashier,1st Shift (06:00 - 14:00),06:18,19:55,13.61 hrs,Present
23,28,Nagesh Babu S,Supervisor,1st Shift (06:00 - 14:00),--:--,--:--,0 hrs,Absent
24,29,Venkatesha C,Cashier,1st Shift (06:00 - 14:00),--:--,--:--,0 hrs,Absent
25,30,Srinivasa k v,Cashier,1st Shift (06:00 - 14:00),--:--,--:--,0 hrs,Absent
26,33,Ramesh Chand,Air Boy,12H Day Shift (06:00 - 18:00),09:04,17:52,8.81 hrs,Present
27,35,Prashanth K,Supervisor,1st Shift (06:00 - 14:00),14:06,19:51,5.75 hrs,Present
28,36,Abhijeet Kumar,Cashier,2nd Shift (14:00 - 20:00),06:06,20:18,14.21 hrs,Present
29,38,Ranju kumar,Air Boy,12H Night Shift (18:00 - 06:00),--:--,--:--,0 hrs,Absent
30,39,Gangadharappa,Cashier,2nd Shift (14:00 - 20:00),09:04,14:05,5.02 hrs,Present
